<Anims>
 <anim name="idle" root="myprefab" numframes="2000" framerate="40">
  <frame idx="0" w="200" h="200" x="0" y="0">
   <element name="" layername="shadow" frame="0" z_index="2" m_a="1.000000" m_b="0.000000" m_c="0.000000" m_d="1.000000" m_tx="2.984665" m_ty="-3.939390"/>
   <element name="" layername="base" frame="1" z_index="1" m_a="1.000000" m_b="0.000000" m_c="0.000000" m_d="1.000000" m_tx="0.984665" m_ty="-80.984665"/>
  </frame>
  <frame idx="25" w="200" h="200" x="0" y="0">
   <element name="" layername="shadow" frame="0" z_index="2" m_a="0.995000" m_b="0.000000" m_c="0.000000" m_d="0.995000" m_tx="2.974819" m_ty="-3.919996"/>
   <element name="" layername="base" frame="1" z_index="1" m_a="1.000000" m_b="0.000000" m_c="0.000000" m_d="1.000000" m_tx="0.935048" m_ty="-81.735046"/>
  </frame>
  <frame idx="50" w="200" h="200" x="0" y="0">
   <element name="" layername="shadow" frame="0" z_index="2" m_a="0.990000" m_b="0.000000" m_c="0.000000" m_d="0.990000" m_tx="2.964972" m_ty="-3.900602"/>
   <element name="" layername="base" frame="1" z_index="1" m_a="1.000000" m_b="0.000000" m_c="0.000000" m_d="1.000000" m_tx="0.885431" m_ty="-82.485428"/>
  </frame>
  <frame idx="75" w="200" h="200" x="0" y="0">
   <element name="" layername="shadow" frame="0" z_index="2" m_a="0.985000" m_b="0.000000" m_c="0.000000" m_d="0.985000" m_tx="2.955126" m_ty="-3.881208"/>
   <element name="" layername="base" frame="1" z_index="1" m_a="1.000000" m_b="0.000000" m_c="0.000000" m_d="1.000000" m_tx="0.835814" m_ty="-83.235825"/>
  </frame>
  <frame idx="100" w="200" h="200" x="0" y="0">
   <element name="" layername="shadow" frame="0" z_index="2" m_a="0.980000" m_b="0.000000" m_c="0.000000" m_d="0.980000" m_tx="2.945280" m_ty="-3.861814"/>
   <element name="" layername="base" frame="1" z_index="1" m_a="1.000000" m_b="0.000000" m_c="0.000000" m_d="1.000000" m_tx="0.786197" m_ty="-83.986206"/>
  </frame>
  <frame idx="125" w="200" h="200" x="0" y="0">
   <element name="" layername="shadow" frame="0" z_index="2" m_a="0.975000" m_b="0.000000" m_c="0.000000" m_d="0.975000" m_tx="2.935433" m_ty="-3.842421"/>
   <element name="" layername="base" frame="1" z_index="1" m_a="1.000000" m_b="0.000000" m_c="0.000000" m_d="1.000000" m_tx="0.736583" m_ty="-84.736588"/>
  </frame>
  <frame idx="150" w="200" h="200" x="0" y="0">
   <element name="" layername="shadow" frame="0" z_index="2" m_a="0.970000" m_b="0.000000" m_c="0.000000" m_d="0.970000" m_tx="2.925587" m_ty="-3.823027"/>
   <element name="" layername="base" frame="1" z_index="1" m_a="1.000000" m_b="0.000000" m_c="0.000000" m_d="1.000000" m_tx="0.686966" m_ty="-85.486969"/>
  </frame>
  <frame idx="175" w="200" h="200" x="0" y="0">
   <element name="" layername="shadow" frame="0" z_index="2" m_a="0.965000" m_b="0.000000" m_c="0.000000" m_d="0.965000" m_tx="2.915740" m_ty="-3.803633"/>
   <element name="" layername="base" frame="1" z_index="1" m_a="1.000000" m_b="0.000000" m_c="0.000000" m_d="1.000000" m_tx="0.637349" m_ty="-86.237350"/>
  </frame>
  <frame idx="200" w="200" h="200" x="0" y="0">
   <element name="" layername="shadow" frame="0" z_index="2" m_a="0.960000" m_b="0.000000" m_c="0.000000" m_d="0.960000" m_tx="2.905894" m_ty="-3.784239"/>
   <element name="" layername="base" frame="1" z_index="1" m_a="1.000000" m_b="0.000000" m_c="0.000000" m_d="1.000000" m_tx="0.587732" m_ty="-86.987732"/>
  </frame>
  <frame idx="225" w="200" h="200" x="0" y="0">
   <element name="" layername="shadow" frame="0" z_index="2" m_a="0.955000" m_b="0.000000" m_c="0.000000" m_d="0.955000" m_tx="2.896048" m_ty="-3.764845"/>
   <element name="" layername="base" frame="1" z_index="1" m_a="1.000000" m_b="0.000000" m_c="0.000000" m_d="1.000000" m_tx="0.538115" m_ty="-87.738121"/>
  </frame>
  <frame idx="250" w="200" h="200" x="0" y="0">
   <element name="" layername="shadow" frame="0" z_index="2" m_a="0.950000" m_b="0.000000" m_c="0.000000" m_d="0.950000" m_tx="2.886201" m_ty="-3.745451"/>
   <element name="" layername="base" frame="1" z_index="1" m_a="1.000000" m_b="0.000000" m_c="0.000000" m_d="1.000000" m_tx="0.488498" m_ty="-88.488503"/>
  </frame>
  <frame idx="275" w="200" h="200" x="0" y="0">
   <element name="" layername="shadow" frame="0" z_index="2" m_a="0.945000" m_b="0.000000" m_c="0.000000" m_d="0.945000" m_tx="2.876355" m_ty="-3.726057"/>
   <element name="" layername="base" frame="1" z_index="1" m_a="1.000000" m_b="0.000000" m_c="0.000000" m_d="1.000000" m_tx="0.438881" m_ty="-89.238884"/>
  </frame>
  <frame idx="300" w="200" h="200" x="0" y="0">
   <element name="" layername="shadow" frame="0" z_index="2" m_a="0.940000" m_b="0.000000" m_c="0.000000" m_d="0.940000" m_tx="2.866508" m_ty="-3.706663"/>
   <element name="" layername="base" frame="1" z_index="1" m_a="1.000000" m_b="0.000000" m_c="0.000000" m_d="1.000000" m_tx="0.389264" m_ty="-89.989265"/>
  </frame>
  <frame idx="325" w="200" h="200" x="0" y="0">
   <element name="" layername="shadow" frame="0" z_index="2" m_a="0.935000" m_b="0.000000" m_c="0.000000" m_d="0.935000" m_tx="2.856662" m_ty="-3.687269"/>
   <element name="" layername="base" frame="1" z_index="1" m_a="1.000000" m_b="0.000000" m_c="0.000000" m_d="1.000000" m_tx="0.339650" m_ty="-90.739655"/>
  </frame>
  <frame idx="350" w="200" h="200" x="0" y="0">
   <element name="" layername="shadow" frame="0" z_index="2" m_a="0.930000" m_b="0.000000" m_c="0.000000" m_d="0.930000" m_tx="2.846816" m_ty="-3.667875"/>
   <element name="" layername="base" frame="1" z_index="1" m_a="1.000000" m_b="0.000000" m_c="0.000000" m_d="1.000000" m_tx="0.290033" m_ty="-91.490036"/>
  </frame>
  <frame idx="375" w="200" h="200" x="0" y="0">
   <element name="" layername="shadow" frame="0" z_index="2" m_a="0.925000" m_b="0.000000" m_c="0.000000" m_d="0.925000" m_tx="2.836969" m_ty="-3.648481"/>
   <element name="" layername="base" frame="1" z_index="1" m_a="1.000000" m_b="0.000000" m_c="0.000000" m_d="1.000000" m_tx="0.240416" m_ty="-92.240417"/>
  </frame>
  <frame idx="400" w="200" h="200" x="0" y="0">
   <element name="" layername="shadow" frame="0" z_index="2" m_a="0.920000" m_b="0.000000" m_c="0.000000" m_d="0.920000" m_tx="2.827123" m_ty="-3.629087"/>
   <element name="" layername="base" frame="1" z_index="1" m_a="1.000000" m_b="0.000000" m_c="0.000000" m_d="1.000000" m_tx="0.190799" m_ty="-92.990799"/>
  </frame>
  <frame idx="425" w="200" h="200" x="0" y="0">
   <element name="" layername="shadow" frame="0" z_index="2" m_a="0.915000" m_b="0.000000" m_c="0.000000" m_d="0.915000" m_tx="2.817276" m_ty="-3.609694"/>
   <element name="" layername="base" frame="1" z_index="1" m_a="1.000000" m_b="0.000000" m_c="0.000000" m_d="1.000000" m_tx="0.141182" m_ty="-93.741180"/>
  </frame>
  <frame idx="450" w="200" h="200" x="0" y="0">
   <element name="" layername="shadow" frame="0" z_index="2" m_a="0.910000" m_b="0.000000" m_c="0.000000" m_d="0.910000" m_tx="2.807430" m_ty="-3.590300"/>
   <element name="" layername="base" frame="1" z_index="1" m_a="1.000000" m_b="0.000000" m_c="0.000000" m_d="1.000000" m_tx="0.091565" m_ty="-94.491562"/>
  </frame>
  <frame idx="475" w="200" h="200" x="0" y="0">
   <element name="" layername="shadow" frame="0" z_index="2" m_a="0.905000" m_b="0.000000" m_c="0.000000" m_d="0.905000" m_tx="2.797584" m_ty="-3.570906"/>
   <element name="" layername="base" frame="1" z_index="1" m_a="1.000000" m_b="0.000000" m_c="0.000000" m_d="1.000000" m_tx="0.041948" m_ty="-95.241943"/>
  </frame>
  <frame idx="500" w="200" h="200" x="0" y="0">
   <element name="" layername="shadow" frame="0" z_index="2" m_a="0.900000" m_b="0.000000" m_c="0.000000" m_d="0.900000" m_tx="2.787737" m_ty="-3.551512"/>
   <element name="" layername="base" frame="1" z_index="1" m_a="1.000000" m_b="0.000000" m_c="0.000000" m_d="1.000000" m_tx="-0.007666" m_ty="-95.992332"/>
  </frame>
  <frame idx="525" w="200" h="200" x="0" y="0">
   <element name="" layername="shadow" frame="0" z_index="2" m_a="0.895000" m_b="0.000000" m_c="0.000000" m_d="0.895000" m_tx="2.777891" m_ty="-3.532118"/>
   <element name="" layername="base" frame="1" z_index="1" m_a="1.000000" m_b="0.000000" m_c="0.000000" m_d="1.000000" m_tx="-0.057283" m_ty="-96.742722"/>
  </frame>
  <frame idx="550" w="200" h="200" x="0" y="0">
   <element name="" layername="shadow" frame="0" z_index="2" m_a="0.890000" m_b="0.000000" m_c="0.000000" m_d="0.890000" m_tx="2.768044" m_ty="-3.512724"/>
   <element name="" layername="base" frame="1" z_index="1" m_a="1.000000" m_b="0.000000" m_c="0.000000" m_d="1.000000" m_tx="-0.106900" m_ty="-97.493103"/>
  </frame>
  <frame idx="575" w="200" h="200" x="0" y="0">
   <element name="" layername="shadow" frame="0" z_index="2" m_a="0.885000" m_b="0.000000" m_c="0.000000" m_d="0.885000" m_tx="2.758198" m_ty="-3.493330"/>
   <element name="" layername="base" frame="1" z_index="1" m_a="1.000000" m_b="0.000000" m_c="0.000000" m_d="1.000000" m_tx="-0.156517" m_ty="-98.243484"/>
  </frame>
  <frame idx="600" w="200" h="200" x="0" y="0">
   <element name="" layername="shadow" frame="0" z_index="2" m_a="0.880000" m_b="0.000000" m_c="0.000000" m_d="0.880000" m_tx="2.748352" m_ty="-3.473936"/>
   <element name="" layername="base" frame="1" z_index="1" m_a="1.000000" m_b="0.000000" m_c="0.000000" m_d="1.000000" m_tx="-0.206134" m_ty="-98.993866"/>
  </frame>
  <frame idx="625" w="200" h="200" x="0" y="0">
   <element name="" layername="shadow" frame="0" z_index="2" m_a="0.875000" m_b="0.000000" m_c="0.000000" m_d="0.875000" m_tx="2.738505" m_ty="-3.454542"/>
   <element name="" layername="base" frame="1" z_index="1" m_a="1.000000" m_b="0.000000" m_c="0.000000" m_d="1.000000" m_tx="-0.255751" m_ty="-99.744247"/>
  </frame>
  <frame idx="650" w="200" h="200" x="0" y="0">
   <element name="" layername="shadow" frame="0" z_index="2" m_a="0.870000" m_b="0.000000" m_c="0.000000" m_d="0.870000" m_tx="2.728659" m_ty="-3.435148"/>
   <element name="" layername="base" frame="1" z_index="1" m_a="1.000000" m_b="0.000000" m_c="0.000000" m_d="1.000000" m_tx="-0.305368" m_ty="-100.494629"/>
  </frame>
  <frame idx="675" w="200" h="200" x="0" y="0">
   <element name="" layername="shadow" frame="0" z_index="2" m_a="0.865000" m_b="0.000000" m_c="0.000000" m_d="0.865000" m_tx="2.718812" m_ty="-3.415754"/>
   <element name="" layername="base" frame="1" z_index="1" m_a="1.000000" m_b="0.000000" m_c="0.000000" m_d="1.000000" m_tx="-0.354985" m_ty="-101.245018"/>
  </frame>
  <frame idx="700" w="200" h="200" x="0" y="0">
   <element name="" layername="shadow" frame="0" z_index="2" m_a="0.860000" m_b="0.000000" m_c="0.000000" m_d="0.860000" m_tx="2.708966" m_ty="-3.396360"/>
   <element name="" layername="base" frame="1" z_index="1" m_a="1.000000" m_b="0.000000" m_c="0.000000" m_d="1.000000" m_tx="-0.404599" m_ty="-101.995407"/>
  </frame>
  <frame idx="725" w="200" h="200" x="0" y="0">
   <element name="" layername="shadow" frame="0" z_index="2" m_a="0.855000" m_b="0.000000" m_c="0.000000" m_d="0.855000" m_tx="2.699120" m_ty="-3.376966"/>
   <element name="" layername="base" frame="1" z_index="1" m_a="1.000000" m_b="0.000000" m_c="0.000000" m_d="1.000000" m_tx="-0.454216" m_ty="-102.745789"/>
  </frame>
  <frame idx="750" w="200" h="200" x="0" y="0">
   <element name="" layername="shadow" frame="0" z_index="2" m_a="0.850000" m_b="0.000000" m_c="0.000000" m_d="0.850000" m_tx="2.689273" m_ty="-3.357573"/>
   <element name="" layername="base" frame="1" z_index="1" m_a="1.000000" m_b="0.000000" m_c="0.000000" m_d="1.000000" m_tx="-0.503833" m_ty="-103.496170"/>
  </frame>
  <frame idx="775" w="200" h="200" x="0" y="0">
   <element name="" layername="shadow" frame="0" z_index="2" m_a="0.845000" m_b="0.000000" m_c="0.000000" m_d="0.845000" m_tx="2.679427" m_ty="-3.338179"/>
   <element name="" layername="base" frame="1" z_index="1" m_a="1.000000" m_b="0.000000" m_c="0.000000" m_d="1.000000" m_tx="-0.553450" m_ty="-104.246552"/>
  </frame>
  <frame idx="800" w="200" h="200" x="0" y="0">
   <element name="" layername="shadow" frame="0" z_index="2" m_a="0.840000" m_b="0.000000" m_c="0.000000" m_d="0.840000" m_tx="2.669580" m_ty="-3.318785"/>
   <element name="" layername="base" frame="1" z_index="1" m_a="1.000000" m_b="0.000000" m_c="0.000000" m_d="1.000000" m_tx="-0.603067" m_ty="-104.996933"/>
  </frame>
  <frame idx="825" w="200" h="200" x="0" y="0">
   <element name="" layername="shadow" frame="0" z_index="2" m_a="0.835000" m_b="0.000000" m_c="0.000000" m_d="0.835000" m_tx="2.659734" m_ty="-3.299391"/>
   <element name="" layername="base" frame="1" z_index="1" m_a="1.000000" m_b="0.000000" m_c="0.000000" m_d="1.000000" m_tx="-0.652684" m_ty="-105.747314"/>
  </frame>
  <frame idx="850" w="200" h="200" x="0" y="0">
   <element name="" layername="shadow" frame="0" z_index="2" m_a="0.830000" m_b="0.000000" m_c="0.000000" m_d="0.830000" m_tx="2.649888" m_ty="-3.279997"/>
   <element name="" layername="base" frame="1" z_index="1" m_a="1.000000" m_b="0.000000" m_c="0.000000" m_d="1.000000" m_tx="-0.702301" m_ty="-106.497696"/>
  </frame>
  <frame idx="875" w="200" h="200" x="0" y="0">
   <element name="" layername="shadow" frame="0" z_index="2" m_a="0.825000" m_b="0.000000" m_c="0.000000" m_d="0.825000" m_tx="2.640041" m_ty="-3.260603"/>
   <element name="" layername="base" frame="1" z_index="1" m_a="1.000000" m_b="0.000000" m_c="0.000000" m_d="1.000000" m_tx="-0.751918" m_ty="-107.248077"/>
  </frame>
  <frame idx="900" w="200" h="200" x="0" y="0">
   <element name="" layername="shadow" frame="0" z_index="2" m_a="0.820000" m_b="0.000000" m_c="0.000000" m_d="0.820000" m_tx="2.630195" m_ty="-3.241209"/>
   <element name="" layername="base" frame="1" z_index="1" m_a="1.000000" m_b="0.000000" m_c="0.000000" m_d="1.000000" m_tx="-0.801532" m_ty="-107.998466"/>
  </frame>
  <frame idx="925" w="200" h="200" x="0" y="0">
   <element name="" layername="shadow" frame="0" z_index="2" m_a="0.815000" m_b="0.000000" m_c="0.000000" m_d="0.815000" m_tx="2.620348" m_ty="-3.221815"/>
   <element name="" layername="base" frame="1" z_index="1" m_a="1.000000" m_b="0.000000" m_c="0.000000" m_d="1.000000" m_tx="-0.851149" m_ty="-108.748856"/>
  </frame>
  <frame idx="950" w="200" h="200" x="0" y="0">
   <element name="" layername="shadow" frame="0" z_index="2" m_a="0.810000" m_b="0.000000" m_c="0.000000" m_d="0.810000" m_tx="2.610502" m_ty="-3.202421"/>
   <element name="" layername="base" frame="1" z_index="1" m_a="1.000000" m_b="0.000000" m_c="0.000000" m_d="1.000000" m_tx="-0.900766" m_ty="-109.499237"/>
  </frame>
  <frame idx="975" w="200" h="200" x="0" y="0">
   <element name="" layername="shadow" frame="0" z_index="2" m_a="0.805000" m_b="0.000000" m_c="0.000000" m_d="0.805000" m_tx="2.600656" m_ty="-3.183027"/>
   <element name="" layername="base" frame="1" z_index="1" m_a="1.000000" m_b="0.000000" m_c="0.000000" m_d="1.000000" m_tx="-0.950383" m_ty="-110.249619"/>
  </frame>
  <frame idx="1000" w="200" h="200" x="0" y="0">
   <element name="" layername="shadow" frame="0" z_index="2" m_a="0.800000" m_b="0.000000" m_c="0.000000" m_d="0.800000" m_tx="2.590809" m_ty="-3.163633"/>
   <element name="" layername="base" frame="1" z_index="1" m_a="1.000000" m_b="0.000000" m_c="0.000000" m_d="1.000000" m_tx="-1.000000" m_ty="-111.000000"/>
  </frame>
  <frame idx="1025" w="200" h="200" x="0" y="0">
   <element name="" layername="shadow" frame="0" z_index="2" m_a="0.805000" m_b="0.000000" m_c="0.000000" m_d="0.805000" m_tx="2.600656" m_ty="-3.183027"/>
   <element name="" layername="base" frame="1" z_index="1" m_a="1.000000" m_b="0.000000" m_c="0.000000" m_d="1.000000" m_tx="-0.950383" m_ty="-110.249619"/>
  </frame>
  <frame idx="1050" w="200" h="200" x="0" y="0">
   <element name="" layername="shadow" frame="0" z_index="2" m_a="0.810000" m_b="0.000000" m_c="0.000000" m_d="0.810000" m_tx="2.610502" m_ty="-3.202421"/>
   <element name="" layername="base" frame="1" z_index="1" m_a="1.000000" m_b="0.000000" m_c="0.000000" m_d="1.000000" m_tx="-0.900766" m_ty="-109.499237"/>
  </frame>
  <frame idx="1075" w="200" h="200" x="0" y="0">
   <element name="" layername="shadow" frame="0" z_index="2" m_a="0.815000" m_b="0.000000" m_c="0.000000" m_d="0.815000" m_tx="2.620348" m_ty="-3.221815"/>
   <element name="" layername="base" frame="1" z_index="1" m_a="1.000000" m_b="0.000000" m_c="0.000000" m_d="1.000000" m_tx="-0.851149" m_ty="-108.748848"/>
  </frame>
  <frame idx="1100" w="200" h="200" x="0" y="0">
   <element name="" layername="shadow" frame="0" z_index="2" m_a="0.820000" m_b="0.000000" m_c="0.000000" m_d="0.820000" m_tx="2.630195" m_ty="-3.241209"/>
   <element name="" layername="base" frame="1" z_index="1" m_a="1.000000" m_b="0.000000" m_c="0.000000" m_d="1.000000" m_tx="-0.801532" m_ty="-107.998466"/>
  </frame>
  <frame idx="1125" w="200" h="200" x="0" y="0">
   <element name="" layername="shadow" frame="0" z_index="2" m_a="0.825000" m_b="0.000000" m_c="0.000000" m_d="0.825000" m_tx="2.640041" m_ty="-3.260603"/>
   <element name="" layername="base" frame="1" z_index="1" m_a="1.000000" m_b="0.000000" m_c="0.000000" m_d="1.000000" m_tx="-0.751918" m_ty="-107.248077"/>
  </frame>
  <frame idx="1150" w="200" h="200" x="0" y="0">
   <element name="" layername="shadow" frame="0" z_index="2" m_a="0.830000" m_b="0.000000" m_c="0.000000" m_d="0.830000" m_tx="2.649888" m_ty="-3.279997"/>
   <element name="" layername="base" frame="1" z_index="1" m_a="1.000000" m_b="0.000000" m_c="0.000000" m_d="1.000000" m_tx="-0.702301" m_ty="-106.497696"/>
  </frame>
  <frame idx="1175" w="200" h="200" x="0" y="0">
   <element name="" layername="shadow" frame="0" z_index="2" m_a="0.835000" m_b="0.000000" m_c="0.000000" m_d="0.835000" m_tx="2.659734" m_ty="-3.299391"/>
   <element name="" layername="base" frame="1" z_index="1" m_a="1.000000" m_b="0.000000" m_c="0.000000" m_d="1.000000" m_tx="-0.652684" m_ty="-105.747314"/>
  </frame>
  <frame idx="1200" w="200" h="200" x="0" y="0">
   <element name="" layername="shadow" frame="0" z_index="2" m_a="0.840000" m_b="0.000000" m_c="0.000000" m_d="0.840000" m_tx="2.669580" m_ty="-3.318785"/>
   <element name="" layername="base" frame="1" z_index="1" m_a="1.000000" m_b="0.000000" m_c="0.000000" m_d="1.000000" m_tx="-0.603067" m_ty="-104.996933"/>
  </frame>
  <frame idx="1225" w="200" h="200" x="0" y="0">
   <element name="" layername="shadow" frame="0" z_index="2" m_a="0.845000" m_b="0.000000" m_c="0.000000" m_d="0.845000" m_tx="2.679427" m_ty="-3.338179"/>
   <element name="" layername="base" frame="1" z_index="1" m_a="1.000000" m_b="0.000000" m_c="0.000000" m_d="1.000000" m_tx="-0.553450" m_ty="-104.246552"/>
  </frame>
  <frame idx="1250" w="200" h="200" x="0" y="0">
   <element name="" layername="shadow" frame="0" z_index="2" m_a="0.850000" m_b="0.000000" m_c="0.000000" m_d="0.850000" m_tx="2.689273" m_ty="-3.357573"/>
   <element name="" layername="base" frame="1" z_index="1" m_a="1.000000" m_b="0.000000" m_c="0.000000" m_d="1.000000" m_tx="-0.503833" m_ty="-103.496170"/>
  </frame>
  <frame idx="1275" w="200" h="200" x="0" y="0">
   <element name="" layername="shadow" frame="0" z_index="2" m_a="0.855000" m_b="0.000000" m_c="0.000000" m_d="0.855000" m_tx="2.699120" m_ty="-3.376966"/>
   <element name="" layername="base" frame="1" z_index="1" m_a="1.000000" m_b="0.000000" m_c="0.000000" m_d="1.000000" m_tx="-0.454216" m_ty="-102.745789"/>
  </frame>
  <frame idx="1300" w="200" h="200" x="0" y="0">
   <element name="" layername="shadow" frame="0" z_index="2" m_a="0.860000" m_b="0.000000" m_c="0.000000" m_d="0.860000" m_tx="2.708966" m_ty="-3.396360"/>
   <element name="" layername="base" frame="1" z_index="1" m_a="1.000000" m_b="0.000000" m_c="0.000000" m_d="1.000000" m_tx="-0.404599" m_ty="-101.995407"/>
  </frame>
  <frame idx="1325" w="200" h="200" x="0" y="0">
   <element name="" layername="shadow" frame="0" z_index="2" m_a="0.865000" m_b="0.000000" m_c="0.000000" m_d="0.865000" m_tx="2.718812" m_ty="-3.415754"/>
   <element name="" layername="base" frame="1" z_index="1" m_a="1.000000" m_b="0.000000" m_c="0.000000" m_d="1.000000" m_tx="-0.354985" m_ty="-101.245018"/>
  </frame>
  <frame idx="1350" w="200" h="200" x="0" y="0">
   <element name="" layername="shadow" frame="0" z_index="2" m_a="0.870000" m_b="0.000000" m_c="0.000000" m_d="0.870000" m_tx="2.728659" m_ty="-3.435148"/>
   <element name="" layername="base" frame="1" z_index="1" m_a="1.000000" m_b="0.000000" m_c="0.000000" m_d="1.000000" m_tx="-0.305368" m_ty="-100.494637"/>
  </frame>
  <frame idx="1375" w="200" h="200" x="0" y="0">
   <element name="" layername="shadow" frame="0" z_index="2" m_a="0.875000" m_b="0.000000" m_c="0.000000" m_d="0.875000" m_tx="2.738505" m_ty="-3.454542"/>
   <element name="" layername="base" frame="1" z_index="1" m_a="1.000000" m_b="0.000000" m_c="0.000000" m_d="1.000000" m_tx="-0.255751" m_ty="-99.744247"/>
  </frame>
  <frame idx="1400" w="200" h="200" x="0" y="0">
   <element name="" layername="shadow" frame="0" z_index="2" m_a="0.880000" m_b="0.000000" m_c="0.000000" m_d="0.880000" m_tx="2.748352" m_ty="-3.473936"/>
   <element name="" layername="base" frame="1" z_index="1" m_a="1.000000" m_b="0.000000" m_c="0.000000" m_d="1.000000" m_tx="-0.206134" m_ty="-98.993866"/>
  </frame>
  <frame idx="1425" w="200" h="200" x="0" y="0">
   <element name="" layername="shadow" frame="0" z_index="2" m_a="0.885000" m_b="0.000000" m_c="0.000000" m_d="0.885000" m_tx="2.758198" m_ty="-3.493330"/>
   <element name="" layername="base" frame="1" z_index="1" m_a="1.000000" m_b="0.000000" m_c="0.000000" m_d="1.000000" m_tx="-0.156517" m_ty="-98.243484"/>
  </frame>
  <frame idx="1450" w="200" h="200" x="0" y="0">
   <element name="" layername="shadow" frame="0" z_index="2" m_a="0.890000" m_b="0.000000" m_c="0.000000" m_d="0.890000" m_tx="2.768044" m_ty="-3.512724"/>
   <element name="" layername="base" frame="1" z_index="1" m_a="1.000000" m_b="0.000000" m_c="0.000000" m_d="1.000000" m_tx="-0.106900" m_ty="-97.493103"/>
  </frame>
  <frame idx="1475" w="200" h="200" x="0" y="0">
   <element name="" layername="shadow" frame="0" z_index="2" m_a="0.895000" m_b="0.000000" m_c="0.000000" m_d="0.895000" m_tx="2.777891" m_ty="-3.532118"/>
   <element name="" layername="base" frame="1" z_index="1" m_a="1.000000" m_b="0.000000" m_c="0.000000" m_d="1.000000" m_tx="-0.057283" m_ty="-96.742722"/>
  </frame>
  <frame idx="1500" w="200" h="200" x="0" y="0">
   <element name="" layername="shadow" frame="0" z_index="2" m_a="0.900000" m_b="0.000000" m_c="0.000000" m_d="0.900000" m_tx="2.787737" m_ty="-3.551512"/>
   <element name="" layername="base" frame="1" z_index="1" m_a="1.000000" m_b="0.000000" m_c="0.000000" m_d="1.000000" m_tx="-0.007666" m_ty="-95.992332"/>
  </frame>
  <frame idx="1525" w="200" h="200" x="0" y="0">
   <element name="" layername="shadow" frame="0" z_index="2" m_a="0.905000" m_b="0.000000" m_c="0.000000" m_d="0.905000" m_tx="2.797584" m_ty="-3.570906"/>
   <element name="" layername="base" frame="1" z_index="1" m_a="1.000000" m_b="0.000000" m_c="0.000000" m_d="1.000000" m_tx="0.041948" m_ty="-95.241943"/>
  </frame>
  <frame idx="1550" w="200" h="200" x="0" y="0">
   <element name="" layername="shadow" frame="0" z_index="2" m_a="0.910000" m_b="0.000000" m_c="0.000000" m_d="0.910000" m_tx="2.807430" m_ty="-3.590300"/>
   <element name="" layername="base" frame="1" z_index="1" m_a="1.000000" m_b="0.000000" m_c="0.000000" m_d="1.000000" m_tx="0.091565" m_ty="-94.491562"/>
  </frame>
  <frame idx="1575" w="200" h="200" x="0" y="0">
   <element name="" layername="shadow" frame="0" z_index="2" m_a="0.915000" m_b="0.000000" m_c="0.000000" m_d="0.915000" m_tx="2.817276" m_ty="-3.609694"/>
   <element name="" layername="base" frame="1" z_index="1" m_a="1.000000" m_b="0.000000" m_c="0.000000" m_d="1.000000" m_tx="0.141182" m_ty="-93.741180"/>
  </frame>
  <frame idx="1600" w="200" h="200" x="0" y="0">
   <element name="" layername="shadow" frame="0" z_index="2" m_a="0.920000" m_b="0.000000" m_c="0.000000" m_d="0.920000" m_tx="2.827123" m_ty="-3.629087"/>
   <element name="" layername="base" frame="1" z_index="1" m_a="1.000000" m_b="0.000000" m_c="0.000000" m_d="1.000000" m_tx="0.190799" m_ty="-92.990799"/>
  </frame>
  <frame idx="1625" w="200" h="200" x="0" y="0">
   <element name="" layername="shadow" frame="0" z_index="2" m_a="0.925000" m_b="0.000000" m_c="0.000000" m_d="0.925000" m_tx="2.836969" m_ty="-3.648481"/>
   <element name="" layername="base" frame="1" z_index="1" m_a="1.000000" m_b="0.000000" m_c="0.000000" m_d="1.000000" m_tx="0.240416" m_ty="-92.240417"/>
  </frame>
  <frame idx="1650" w="200" h="200" x="0" y="0">
   <element name="" layername="shadow" frame="0" z_index="2" m_a="0.930000" m_b="0.000000" m_c="0.000000" m_d="0.930000" m_tx="2.846816" m_ty="-3.667875"/>
   <element name="" layername="base" frame="1" z_index="1" m_a="1.000000" m_b="0.000000" m_c="0.000000" m_d="1.000000" m_tx="0.290033" m_ty="-91.490036"/>
  </frame>
  <frame idx="1675" w="200" h="200" x="0" y="0">
   <element name="" layername="shadow" frame="0" z_index="2" m_a="0.935000" m_b="0.000000" m_c="0.000000" m_d="0.935000" m_tx="2.856662" m_ty="-3.687269"/>
   <element name="" layername="base" frame="1" z_index="1" m_a="1.000000" m_b="0.000000" m_c="0.000000" m_d="1.000000" m_tx="0.339650" m_ty="-90.739655"/>
  </frame>
  <frame idx="1700" w="200" h="200" x="0" y="0">
   <element name="" layername="shadow" frame="0" z_index="2" m_a="0.940000" m_b="0.000000" m_c="0.000000" m_d="0.940000" m_tx="2.866508" m_ty="-3.706663"/>
   <element name="" layername="base" frame="1" z_index="1" m_a="1.000000" m_b="0.000000" m_c="0.000000" m_d="1.000000" m_tx="0.389264" m_ty="-89.989265"/>
  </frame>
  <frame idx="1725" w="200" h="200" x="0" y="0">
   <element name="" layername="shadow" frame="0" z_index="2" m_a="0.945000" m_b="0.000000" m_c="0.000000" m_d="0.945000" m_tx="2.876355" m_ty="-3.726057"/>
   <element name="" layername="base" frame="1" z_index="1" m_a="1.000000" m_b="0.000000" m_c="0.000000" m_d="1.000000" m_tx="0.438881" m_ty="-89.238884"/>
  </frame>
  <frame idx="1750" w="200" h="200" x="0" y="0">
   <element name="" layername="shadow" frame="0" z_index="2" m_a="0.950000" m_b="0.000000" m_c="0.000000" m_d="0.950000" m_tx="2.886201" m_ty="-3.745451"/>
   <element name="" layername="base" frame="1" z_index="1" m_a="1.000000" m_b="0.000000" m_c="0.000000" m_d="1.000000" m_tx="0.488498" m_ty="-88.488503"/>
  </frame>
  <frame idx="1775" w="200" h="200" x="0" y="0">
   <element name="" layername="shadow" frame="0" z_index="2" m_a="0.955000" m_b="0.000000" m_c="0.000000" m_d="0.955000" m_tx="2.896048" m_ty="-3.764845"/>
   <element name="" layername="base" frame="1" z_index="1" m_a="1.000000" m_b="0.000000" m_c="0.000000" m_d="1.000000" m_tx="0.538115" m_ty="-87.738121"/>
  </frame>
  <frame idx="1800" w="200" h="200" x="0" y="0">
   <element name="" layername="shadow" frame="0" z_index="2" m_a="0.960000" m_b="0.000000" m_c="0.000000" m_d="0.960000" m_tx="2.905894" m_ty="-3.784239"/>
   <element name="" layername="base" frame="1" z_index="1" m_a="1.000000" m_b="0.000000" m_c="0.000000" m_d="1.000000" m_tx="0.587732" m_ty="-86.987732"/>
  </frame>
  <frame idx="1825" w="200" h="200" x="0" y="0">
   <element name="" layername="shadow" frame="0" z_index="2" m_a="0.965000" m_b="0.000000" m_c="0.000000" m_d="0.965000" m_tx="2.915740" m_ty="-3.803633"/>
   <element name="" layername="base" frame="1" z_index="1" m_a="1.000000" m_b="0.000000" m_c="0.000000" m_d="1.000000" m_tx="0.637349" m_ty="-86.237350"/>
  </frame>
  <frame idx="1850" w="200" h="200" x="0" y="0">
   <element name="" layername="shadow" frame="0" z_index="2" m_a="0.970000" m_b="0.000000" m_c="0.000000" m_d="0.970000" m_tx="2.925587" m_ty="-3.823027"/>
   <element name="" layername="base" frame="1" z_index="1" m_a="1.000000" m_b="0.000000" m_c="0.000000" m_d="1.000000" m_tx="0.686966" m_ty="-85.486969"/>
  </frame>
  <frame idx="1875" w="200" h="200" x="0" y="0">
   <element name="" layername="shadow" frame="0" z_index="2" m_a="0.975000" m_b="0.000000" m_c="0.000000" m_d="0.975000" m_tx="2.935433" m_ty="-3.842421"/>
   <element name="" layername="base" frame="1" z_index="1" m_a="1.000000" m_b="0.000000" m_c="0.000000" m_d="1.000000" m_tx="0.736583" m_ty="-84.736588"/>
  </frame>
  <frame idx="1900" w="200" h="200" x="0" y="0">
   <element name="" layername="shadow" frame="0" z_index="2" m_a="0.980000" m_b="0.000000" m_c="0.000000" m_d="0.980000" m_tx="2.945280" m_ty="-3.861814"/>
   <element name="" layername="base" frame="1" z_index="1" m_a="1.000000" m_b="0.000000" m_c="0.000000" m_d="1.000000" m_tx="0.786197" m_ty="-83.986206"/>
  </frame>
  <frame idx="1925" w="200" h="200" x="0" y="0">
   <element name="" layername="shadow" frame="0" z_index="2" m_a="0.985000" m_b="0.000000" m_c="0.000000" m_d="0.985000" m_tx="2.955126" m_ty="-3.881208"/>
   <element name="" layername="base" frame="1" z_index="1" m_a="1.000000" m_b="0.000000" m_c="0.000000" m_d="1.000000" m_tx="0.835814" m_ty="-83.235809"/>
  </frame>
  <frame idx="1950" w="200" h="200" x="0" y="0">
   <element name="" layername="shadow" frame="0" z_index="2" m_a="0.990000" m_b="0.000000" m_c="0.000000" m_d="0.990000" m_tx="2.964972" m_ty="-3.900602"/>
   <element name="" layername="base" frame="1" z_index="1" m_a="1.000000" m_b="0.000000" m_c="0.000000" m_d="1.000000" m_tx="0.885431" m_ty="-82.485428"/>
  </frame>
  <frame idx="1975" w="200" h="200" x="0" y="0">
   <element name="" layername="shadow" frame="0" z_index="2" m_a="0.995000" m_b="0.000000" m_c="0.000000" m_d="0.995000" m_tx="2.974819" m_ty="-3.919996"/>
   <element name="" layername="base" frame="1" z_index="1" m_a="1.000000" m_b="0.000000" m_c="0.000000" m_d="1.000000" m_tx="0.935048" m_ty="-81.735046"/>
  </frame>
 </anim>
</Anims>
